,stock,date,neg,neu,pos,compound,open,high,low,close,adj close,volume
0,AAPL,2023-10-01,0.0605,0.8815,0.0575,-0.4582,171.220001,174.300003,170.929993,173.75,173.521393,52164500.0
1,AAPL,2023-10-02,0.041,0.893,0.066,0.2672,171.220001,174.300003,170.929993,173.75,173.521393,52164500.0
2,AAPL,2023-10-03,0.0215,0.908,0.0705,0.9749,172.259995,173.630005,170.820007,172.399994,172.173172,49594600.0
3,AAPL,2023-10-04,0.017,0.883,0.1,0.9827,171.089996,174.210007,170.970001,173.660004,173.431519,53020300.0
4,AAPL,2023-10-05,0.018,0.8855,0.0965,0.9552,173.789993,175.449997,172.679993,174.910004,174.679871,48527900.0
5,AAPL,2023-10-06,0.0365,0.819,0.144,0.9986,173.800003,177.990005,173.179993,177.490005,177.256485,57224100.0
6,AAPL,2023-10-07,0.016,0.848,0.136,0.9996,174.80333466666667,178.34333766666666,174.05332966666666,177.990005,177.75582366666666,52279666.66666666
7,AAPL,2023-10-08,0.014,0.8985,0.087,0.9927,175.80666633333334,178.69667033333334,174.92666633333334,178.490005,178.25516233333337,47335233.333333336
8,AAPL,2023-10-09,0.014,0.8705,0.1145,0.9926,176.809998,179.050003,175.800003,178.990005,178.754501,42390800.0
9,AAPL,2023-10-10,0.0475,0.843,0.109,0.409,178.100006,179.720001,177.949997,178.389999,178.155289,43698000.0
10,AAPL,2023-10-11,0.0775,0.862,0.0605,-0.4294,178.199997,179.850006,177.600006,179.800003,179.563431,47551100.0
11,AAPL,2023-10-12,0.048,0.8905,0.0615,0.5066,180.070007,182.339996,179.039993,180.710007,180.472244,56743100.0
12,AAPL,2023-10-13,0.048,0.8905,0.0615,0.5066,181.419998,181.929993,178.139999,178.850006,178.614685,51427100.0
13,AAPL,2023-10-14,0.0385,0.865,0.0965,0.9893,179.863332,180.979996,177.59666433333334,178.806671,178.571411,51790400.0
14,AAPL,2023-10-15,0.048,0.856,0.0955,0.9822,178.306666,180.029999,177.05332966666666,178.763336,178.528137,52153700.0
15,AAPL,2023-10-16,0.0925,0.8075,0.1,0.005,176.75,179.080002,176.509995,178.720001,178.484863,52517000.0
16,AAPL,2023-10-17,0.004,0.8905,0.1055,0.9975,176.649994,178.419998,174.800003,177.149994,176.916916,57549400.0
17,AAPL,2023-10-18,0.0385,0.857,0.105,0.2971,175.580002,177.580002,175.110001,175.839996,175.608643,54764400.0
18,AAPL,2023-10-19,0.025,0.848,0.127,0.9651,176.039993,177.839996,175.190002,175.460007,175.229156,59302900.0
19,AAPL,2023-10-20,0.025,0.848,0.127,0.9651,175.309998,175.419998,172.639999,172.880005,172.652542,64189300.0
20,AAPL,2023-10-21,0.0115,0.893,0.096,0.9934,173.84333333333333,174.949997,171.73666366666666,172.92000333333334,172.6924896666667,61452900.0
21,AAPL,2023-10-22,0.013,0.8565,0.131,0.9965,172.37666866666666,174.479996,170.83332833333333,172.96000166666667,172.73243733333334,58716500.0
22,AAPL,2023-10-23,0.02,0.857,0.1235,0.9929,170.910004,174.009995,169.929993,173.0,172.772385,55980100.0
23,AAPL,2023-10-24,0.0165,0.9205,0.063,0.9069,173.050003,173.669998,171.449997,173.440002,173.211807,43816600.0
24,AAPL,2023-10-25,0.0165,0.9205,0.063,0.9069,171.880005,173.059998,170.649994,171.100006,170.874893,57157000.0
25,ADBE,2023-10-01,0.026,0.8295,0.1445,0.9906,508.23999,522.409973,508.23999,521.130005,521.130005,2411500.0
26,ADBE,2023-10-02,0.0315,0.829,0.1395,0.9914,508.23999,522.409973,508.23999,521.130005,521.130005,2411500.0
27,ADBE,2023-10-03,0.0135,0.865,0.1215,0.9991,517.52002,520.48999,504.549988,507.029999,507.029999,2004100.0
28,ADBE,2023-10-04,0.0115,0.8865,0.102,0.9978,511.929993,519.76001,510.0,518.419983,518.419983,2027200.0
29,ADBE,2023-10-05,0.02,0.8705,0.1095,0.9974,519.840027,522.609985,509.23999,516.440002,516.440002,1818800.0
30,ADBE,2023-10-06,0.0235,0.836,0.1405,0.9988,513.219971,531.309998,509.519989,526.679993,526.679993,2523300.0
31,ADBE,2023-10-07,0.0125,0.8535,0.135,0.9994,516.1466473333334,530.873332,512.5966593333334,527.549988,527.549988,2253366.6666666665
32,ADBE,2023-10-08,0.0015,0.864,0.135,0.9989,519.0733236666666,530.436666,515.6733296666666,528.419983,528.419983,1983433.3333333333
33,ADBE,2023-10-09,0.041,0.77,0.1885,0.9719,522.0,530.0,518.75,529.289978,529.289978,1713500.0
34,ADBE,2023-10-10,0.041,0.77,0.1885,0.9719,530.909973,537.0,530.400024,532.719971,532.719971,2090900.0
35,ADBE,2023-10-11,0.033,0.8075,0.16,0.9954,538.590027,551.340027,536.109985,549.909973,549.909973,3307500.0
36,ADBE,2023-10-12,0.058,0.7935,0.1485,0.997,553.700012,574.400024,552.22998,559.630005,559.630005,4624000.0
37,ADBE,2023-10-13,0.036,0.815,0.149,0.9994,560.0,562.890015,546.98999,548.76001,548.76001,2832600.0
38,ADBE,2023-10-14,0.0085,0.8725,0.119,0.9996,557.7266643333334,560.4500123333333,546.5566606666667,549.4200033333333,549.4200033333333,2614966.6666666665
39,ADBE,2023-10-15,0.024,0.8415,0.1345,0.9991,555.4533286666666,558.0100096666666,546.1233313333333,550.0799966666667,550.0799966666667,2397333.333333333
40,ADBE,2023-10-16,0.029,0.8225,0.1485,0.999,553.179993,555.570007,545.690002,550.73999,550.73999,2179700.0
41,ADBE,2023-10-17,0.021,0.836,0.143,0.9997,545.409973,560.799988,543.340027,560.090027,560.090027,2355300.0
42,ADBE,2023-10-18,0.012,0.8155,0.172,0.9979,554.47998,568.179993,554.23999,557.869995,557.869995,2614500.0
43,ADBE,2023-10-19,0.016,0.795,0.189,0.9985,560.0,567.099976,553.469971,555.73999,555.73999,2809300.0
44,ADBE,2023-10-20,0.0235,0.829,0.148,0.9966,555.73999,555.97998,535.950012,540.960022,540.960022,2728100.0
45,ADBE,2023-10-21,0.0405,0.8365,0.1235,0.7831,549.0966593333334,553.3299963333333,534.300008,540.7766723333333,540.7766723333333,2542933.333333333
46,ADBE,2023-10-22,0.012,0.8705,0.1175,0.9984,542.4533286666666,550.6800126666667,532.650004,540.5933226666667,540.5933226666667,2357766.6666666665
47,ADBE,2023-10-23,0.012,0.863,0.125,0.9946,535.809998,548.030029,531.0,540.409973,540.409973,2172600.0
48,ADBE,2023-10-24,0.016,0.8615,0.122,0.994,544.640015,546.0,532.119995,539.559998,539.559998,2358100.0
49,ADBE,2023-10-25,0.013,0.7845,0.2025,0.9965,533.559998,534.460022,517.630005,521.140015,521.140015,2526000.0
50,ADBE,2023-10-26,0.013,0.7845,0.2025,0.9965,530.0,530.98999,511.679993,514.280029,514.280029,2876700.0
51,AMZN,2023-10-01,0.008,0.8528,0.1393,0.9914,127.279999,130.470001,126.540001,129.460007,129.460007,48029700.0
52,AMZN,2023-10-02,0.028,0.8427,0.1293,0.7126,127.279999,130.470001,126.540001,129.460007,129.460007,48029700.0
53,AMZN,2023-10-03,0.028,0.889,0.083,0.7063,128.059998,128.520004,124.25,124.720001,124.720001,51565000.0
54,AMZN,2023-10-04,0.0127,0.894,0.0935,0.9874,126.059998,127.360001,125.68,127.0,127.0,44203900.0
55,AMZN,2023-10-05,0.0155,0.8698,0.1155,0.9881,126.709999,126.730003,124.330002,125.959999,125.959999,39660600.0
56,AMZN,2023-10-06,0.0138,0.8343,0.1515,0.9775,124.160004,128.449997,124.129997,127.959999,127.959999,46795900.0
57,AMZN,2023-10-07,0.0275,0.8265,0.1465,0.9968,124.84666966666668,128.563329,124.33999866666667,128.05999766666667,128.05999766666667,44121833.333333336
58,AMZN,2023-10-08,0.0285,0.8185,0.1532,0.9988,125.53333533333333,128.676661,124.55000033333332,128.15999633333334,128.15999633333334,41447766.66666666
59,AMZN,2023-10-09,0.043,0.8095,0.1472,0.995,126.220001,128.789993,124.760002,128.259995,128.259995,38773700.0
60,AMZN,2023-10-10,0.034,0.8167,0.1495,0.9991,128.820007,130.740005,128.050003,129.479996,129.479996,42178600.0
61,AMZN,2023-10-11,0.034,0.8167,0.1495,0.9991,129.740005,132.050003,129.610001,131.830002,131.830002,40741800.0
62,AMZN,2023-10-12,0.014,0.8427,0.1435,0.7493,132.169998,134.479996,131.229996,132.330002,132.330002,55528600.0
63,AMZN,2023-10-13,0.0415,0.7708,0.188,0.9924,132.979996,133.309998,128.949997,129.789993,129.789993,45786600.0
64,AMZN,2023-10-14,0.0135,0.8488,0.1378,0.9994,132.21666466666667,133.23000100000002,129.443329,130.70999633333335,130.70999633333335,44802033.333333336
65,AMZN,2023-10-15,0.002,0.4325,0.0655,0.4965,131.45333333333332,133.150004,129.936661,131.62999966666666,131.62999966666666,43817466.66666666
66,AMZN,2023-10-16,0.0083,0.8635,0.1283,0.9943,130.690002,133.070007,130.429993,132.550003,132.550003,42832900.0
67,AMZN,2023-10-17,0.0063,0.8822,0.1115,0.8936,130.389999,132.580002,128.710007,131.470001,131.470001,49344600.0
68,AMZN,2023-10-18,0.0643,0.824,0.1123,0.0362,129.899994,130.669998,127.510002,128.130005,128.130005,42699500.0
69,AMZN,2023-10-19,0.053,0.7913,0.1557,0.5148,130.570007,132.240005,127.470001,128.399994,128.399994,60961400.0
70,AMZN,2023-10-20,0.0203,0.835,0.1442,0.9937,128.050003,128.169998,124.970001,125.169998,125.169998,56343300.0
71,AMZN,2023-10-21,0.062,0.8448,0.0935,0.9085,126.910001,128.073331,124.64000166666666,125.63333133333332,125.63333133333332,53648866.66666666
72,AMZN,2023-10-22,0.034,0.8532,0.1128,0.9333,125.769999,127.976664,124.31000233333332,126.09666466666668,126.09666466666668,50954433.333333336
73,AMZN,2023-10-23,0.0222,0.8185,0.1593,0.999,124.629997,127.879997,123.980003,126.559998,126.559998,48260000.0
74,AMZN,2023-10-24,0.0208,0.8143,0.165,0.9988,127.739998,128.800003,126.339996,128.559998,128.559998,46477400.0
75,AMZN,2023-10-25,0.0217,0.8297,0.1485,0.998,126.040001,126.339996,120.790001,121.389999,121.389999,74577500.0
76,AMZN,2023-10-26,0.019,0.8718,0.1092,0.9921,120.629997,121.639999,118.349998,119.57,119.57,100419500.0
77,BAC,2023-10-01,0.0485,0.833,0.119,0.9958,27.27,27.360001,26.58,26.700001,26.700001,50388600.0
78,BAC,2023-10-02,0.0485,0.833,0.119,0.9958,27.27,27.360001,26.58,26.700001,26.700001,50388600.0
79,BAC,2023-10-03,0.02,0.873,0.107,0.9932,26.49,26.52,25.82,25.91,25.91,62144500.0
80,BAC,2023-10-04,0.02,0.873,0.107,0.9932,25.879999,26.01,25.58,25.940001,25.940001,55696400.0
81,BAC,2023-10-05,0.1065,0.81,0.0835,-0.3283,25.780001,26.09,25.559999,26.059999,26.059999,49044100.0
82,BAC,2023-10-06,0.1065,0.81,0.0835,-0.3283,25.77,26.23,25.469999,26.07,26.07,58120700.0
83,BAC,2023-10-07,0.0465,0.826,0.1275,0.8044,25.766666666666666,26.273333666666662,25.553332333333334,26.149999666666663,26.149999666666663,52065033.333333336
84,BAC,2023-10-08,0.0715,0.8555,0.073,-0.1666,25.76333333333333,26.31666733333333,25.63666566666667,26.22999933333333,26.22999933333333,46009366.66666666
85,BAC,2023-10-09,0.0245,0.84,0.135,0.9978,25.76,26.360001,25.719999,26.309999,26.309999,39953700.0
86,BAC,2023-10-10,0.0265,0.8715,0.101,0.9943,26.610001,27.299999,26.57,27.01,27.01,51960100.0
87,BAC,2023-10-11,0.023,0.8735,0.103,0.9921,27.17,27.440001,26.9,27.02,27.02,38508200.0
88,BAC,2023-10-12,0.042,0.8205,0.138,0.9952,26.969999,27.08,26.610001,26.9,26.9,44249800.0
89,BAC,2023-10-13,0.043,0.8715,0.086,0.9206,27.43,27.719999,26.52,26.76,26.76,55089700.0
90,BAC,2023-10-14,0.0445,0.889,0.0665,0.9137,27.34,27.53999933333333,26.60333333333333,26.836666666666662,26.836666666666662,55665633.333333336
91,BAC,2023-10-15,0.041,0.833,0.126,0.991,27.25,27.359999666666667,26.686666666666667,26.91333333333333,26.91333333333333,56241566.66666666
92,BAC,2023-10-16,0.023,0.8825,0.0955,0.9866,27.16,27.18,26.77,26.99,26.99,56817500.0
93,BAC,2023-10-17,0.023,0.8825,0.0955,0.9866,27.049999,27.870001,26.719999,27.620001,27.620001,95344200.0
94,BAC,2023-10-18,0.0385,0.8455,0.1155,0.9911,27.540001,28.040001,27.209999,27.309999,27.309999,68371100.0
95,BAC,2023-10-19,0.0345,0.876,0.0895,0.1804,27.25,27.780001,26.879999,26.959999,26.959999,58611000.0
96,BAC,2023-10-20,0.0315,0.8695,0.099,0.977,26.799999,26.940001,26.24,26.309999,26.309999,62029800.0
97,BAC,2023-10-21,0.0315,0.885,0.0835,0.9777,26.576665666666667,26.696667,26.0,26.063332666666668,26.063332666666668,61305600.0
98,BAC,2023-10-22,0.029,0.8785,0.093,0.6241,26.35333233333333,26.453333,25.76,25.81666633333333,25.81666633333333,60581400.0
99,BAC,2023-10-23,0.0275,0.8515,0.1215,0.9979,26.129999,26.209999,25.52,25.57,25.57,59857200.0
100,BAC,2023-10-24,0.0515,0.827,0.122,0.9858,25.74,25.870001,25.4,25.469999,25.469999,55975700.0
101,BAC,2023-10-25,0.0515,0.8555,0.093,0.9647,25.379999,25.65,25.18,25.549999,25.549999,45522400.0
102,BAC,2023-10-26,0.054,0.8985,0.048,0.0154,25.49,26.360001,25.440001,26.120001,26.120001,60921000.0
103,DIS,2023-10-01,0.037,0.851,0.1115,0.9919,80.919998,81.769997,80.790001,81.669998,81.669998,9128100.0
104,DIS,2023-10-02,0.0065,0.93,0.0635,0.6547,80.919998,81.769997,80.790001,81.669998,81.669998,9128100.0
105,DIS,2023-10-03,0.015,0.9505,0.0345,0.2957,81.25,81.889999,79.459999,79.540001,79.540001,12586200.0
106,DIS,2023-10-04,0.021,0.843,0.136,0.9995,79.610001,79.790001,78.730003,79.32,79.32,12010500.0
107,DIS,2023-10-05,0.0255,0.846,0.1285,0.995,79.099998,80.940002,78.879997,80.809998,80.809998,15466600.0
108,DIS,2023-10-06,0.0615,0.87,0.068,0.2686,81.050003,83.529999,80.489998,82.940002,82.940002,15375100.0
109,DIS,2023-10-08,0.0475,0.83,0.122,0.9671,82.675003,84.204998,81.80999750000001,83.8199995,83.8199995,14489750.0
110,DIS,2023-10-09,0.0475,0.83,0.122,0.9671,84.300003,84.879997,83.129997,84.699997,84.699997,13604400.0
111,DIS,2023-10-10,0.0275,0.8635,0.109,0.9925,84.790001,85.290001,83.93,84.989998,84.989998,9450600.0
112,DIS,2023-10-11,0.0595,0.8615,0.079,0.6067,85.370003,85.720001,84.260002,84.849998,84.849998,9499200.0
113,DIS,2023-10-12,0.0595,0.8615,0.079,0.6067,84.830002,85.07,83.510002,84.349998,84.349998,9554900.0
114,DIS,2023-10-13,0.064,0.8605,0.0745,0.2014,83.940002,84.580002,83.379997,84.349998,84.349998,10808000.0
115,DIS,2023-10-14,0.025,0.89,0.086,0.9847,84.063334,85.03000133333333,83.68999733333334,84.80333166666667,84.80333166666667,10630366.666666666
116,DIS,2023-10-15,0.0045,0.443,0.053,0.4968,84.186666,85.48000066666667,83.99999766666666,85.25666533333333,85.25666533333333,10452733.333333334
117,DIS,2023-10-16,0.029,0.864,0.1075,0.9939,84.309998,85.93,84.309998,85.709999,85.709999,10275100.0
118,DIS,2023-10-17,0.0495,0.862,0.088,0.8096,85.349998,86.290001,85.309998,86.199997,86.199997,9985700.0
119,DIS,2023-10-18,0.043,0.8655,0.091,0.9505,85.690002,86.260002,84.599998,84.68,84.68,10047000.0
120,DIS,2023-10-19,0.043,0.8655,0.091,0.9505,85.260002,85.269997,83.169998,83.25,83.25,14316800.0
121,DIS,2023-10-20,0.0915,0.8285,0.08,-0.4434,82.900002,83.440002,82.610001,82.650002,82.650002,10425200.0
122,DIS,2023-10-21,0.013,0.866,0.121,0.9988,82.62666866666666,83.63666766666667,82.04333533333333,82.80000066666666,82.80000066666666,10540966.666666666
123,DIS,2023-10-22,0.019,0.886,0.095,0.9821,82.35333533333333,83.83333333333334,81.47666966666667,82.94999933333334,82.94999933333334,10656733.333333334
124,DIS,2023-10-23,0.019,0.886,0.095,0.9821,82.080002,84.029999,80.910004,83.099998,83.099998,10772500.0
125,DIS,2023-10-24,0.0525,0.8485,0.1,0.3006,83.410004,84.199997,81.739998,82.559998,82.559998,11499500.0
126,DIS,2023-10-25,0.0525,0.8485,0.1,0.3006,82.129997,82.550003,80.519997,80.589996,80.589996,9372500.0
127,DIS,2023-10-26,0.049,0.884,0.0675,0.0301,80.080002,80.610001,79.419998,79.779999,79.779999,11651000.0
128,FB,2023-10-01,0.0485,0.8355,0.1165,0.8927,302.73999,307.179993,301.630005,306.820007,306.820007,16265600.0
129,FB,2023-10-02,0.033,0.9133,0.0541,0.6604,302.73999,307.179993,301.630005,306.820007,306.820007,16265600.0
130,FB,2023-10-03,0.0333,0.9124,0.0542,0.641,304.26001,306.769989,299.640015,300.940002,300.940002,17362300.0
131,FB,2023-10-04,0.0413,0.8846,0.074,0.2661,298.730011,306.899994,298.5,305.579987,305.579987,16880500.0
132,FB,2023-10-05,0.042,0.5847,0.0403,-0.0606,304.630005,306.209991,299.5,304.790009,304.790009,19130000.0
133,FB,2023-10-06,0.025,0.4495,0.0255,0.3243,301.440002,316.309998,300.910004,315.429993,315.429993,21784000.0
134,FB,2023-10-07,0.067,0.824,0.109,0.9761,305.126668,317.6499943333333,304.54667166666667,316.406657,316.406657,22023900.0
135,FB,2023-10-08,0.012,0.8905,0.0972,0.988,308.813334,318.9899906666667,308.1833393333333,317.383321,317.383321,22263800.0
136,FB,2023-10-09,0.0077,0.895,0.097,0.9865,312.5,320.329987,311.820007,318.359985,318.359985,22503700.0
137,FB,2023-10-10,0.0503,0.543,0.0733,0.4318,319.119995,324.660004,318.160004,321.839996,321.839996,19038000.0
138,FB,2023-10-11,0.087,0.8385,0.074,-0.015,323.01001,328.839996,322.950012,327.820007,327.820007,22036300.0
139,FB,2023-10-12,0.0977,0.8316,0.0703,-0.3289,328.0,330.540009,322.690002,324.160004,324.160004,20530500.0
140,FB,2023-10-13,0.065,0.8443,0.091,0.2808,323.529999,325.049988,312.369995,314.690002,314.690002,21341000.0
141,FB,2023-10-14,0.0565,0.383,0.0605,0.43375,321.9000043333333,323.97332766666665,313.41999300000003,316.84333266666664,316.84333266666664,19739366.666666668
142,FB,2023-10-15,0.0695,0.832,0.0985,0.0219,320.2700096666667,322.8966673333333,314.469991,318.99666333333334,318.99666333333334,18137733.33333333
143,FB,2023-10-16,0.0695,0.832,0.0985,0.0219,318.640015,321.820007,315.519989,321.149994,321.149994,16536100.0
144,FB,2023-10-17,0.0098,0.8875,0.1028,0.8833,318.179993,324.399994,317.299988,324.0,324.0,16387800.0
145,FB,2023-10-18,0.0252,0.8861,0.089,0.5575,321.390015,325.940002,315.559998,316.970001,316.970001,16851000.0
146,FB,2023-10-19,0.042,0.6362,0.0721,0.1854,319.880005,321.890015,311.75,312.809998,312.809998,18709200.0
147,FB,2023-10-20,0.0603,0.8366,0.103,0.6585,314.140015,315.299988,306.470001,308.649994,308.649994,22287400.0
148,FB,2023-10-21,0.0807,0.8123,0.107,0.9631,312.59334333333334,315.98665366666665,306.73333733333334,310.436666,310.436666,20790533.33333333
149,FB,2023-10-22,0.0538,0.8195,0.1267,0.9899,311.04667166666667,316.6733193333333,306.9966736666667,312.223338,312.223338,19293666.666666668
150,FB,2023-10-23,0.0745,0.625,0.0505,-0.6584,309.5,317.359985,307.26001,314.01001,314.01001,17796800.0
151,FB,2023-10-24,0.0533,0.8546,0.0925,0.5599,316.779999,318.350006,310.630005,312.549988,312.549988,19525500.0
152,FB,2023-10-25,0.0278,0.9016,0.071,0.7388,310.0,310.880005,298.839996,299.529999,299.529999,42192500.0
153,GOOGL,2023-10-01,0.0563,0.8402,0.103,0.4812,131.210007,134.419998,131.169998,134.169998,134.169998,22288000.0
154,GOOGL,2023-10-02,0.0265,0.8585,0.115,0.9748,131.210007,134.419998,131.169998,134.169998,134.169998,22288000.0
155,GOOGL,2023-10-03,0.0235,0.8798,0.0968,0.9669,133.940002,134.259995,131.839996,132.429993,132.429993,22989400.0
156,GOOGL,2023-10-04,0.0515,0.8654,0.083,0.7261,132.789993,135.570007,132.529999,135.240005,135.240005,26752300.0
157,GOOGL,2023-10-05,0.06,0.8518,0.0878,0.7311,135.070007,135.490005,133.449997,135.070007,135.070007,19832600.0
158,GOOGL,2023-10-06,0.0523,0.6277,0.07,0.2445,134.009995,138.160004,134.009995,137.580002,137.580002,27583200.0
159,GOOGL,2023-10-07,0.0115,0.6298,0.109,0.7497,134.986664,138.4200033333333,134.54333033333333,137.86000066666668,137.86000066666668,24814833.33333333
160,GOOGL,2023-10-08,0.0148,0.8641,0.1212,0.9943,135.963333,138.68000266666667,135.07666566666668,138.13999933333332,138.13999933333332,22046466.666666668
161,GOOGL,2023-10-09,0.0212,0.8617,0.1172,0.9954,136.940002,138.940002,135.610001,138.419998,138.419998,19278100.0
162,GOOGL,2023-10-10,0.0152,0.6502,0.0848,0.7382,138.5,139.720001,137.330002,138.059998,138.059998,27786600.0
163,GOOGL,2023-10-11,0.0282,0.8922,0.0795,0.2137,138.580002,141.110001,138.580002,140.550003,140.550003,25884300.0
164,GOOGL,2023-10-12,0.0491,0.8772,0.0738,0.185,141.050003,141.220001,138.259995,138.970001,138.970001,24765500.0
165,GOOGL,2023-10-13,0.0137,0.4168,0.0695,0.4997,139.380005,140.0,136.619995,137.360001,137.360001,23420500.0
166,GOOGL,2023-10-14,0.0241,0.8635,0.1122,0.9939,138.97666933333335,139.87666833333333,137.076665,137.9400026666667,137.9400026666667,25114300.0
167,GOOGL,2023-10-15,0.0347,0.866,0.0995,0.9869,138.57333366666666,139.75333666666668,137.533335,138.52000433333333,138.52000433333333,26808100.0
168,GOOGL,2023-10-16,0.0339,0.8631,0.1033,0.9868,138.169998,139.630005,137.990005,139.100006,139.100006,28501900.0
169,GOOGL,2023-10-17,0.0727,0.841,0.0862,0.4273,138.630005,139.899994,137.179993,139.720001,139.720001,23515800.0
170,GOOGL,2023-10-18,0.0612,0.8659,0.073,0.4541,139.449997,140.720001,137.380005,137.960007,137.960007,23375000.0
171,GOOGL,2023-10-19,0.0307,0.8867,0.0828,0.846,138.5,139.660004,137.380005,137.75,137.75,26066000.0
172,GOOGL,2023-10-20,0.041,0.8337,0.1253,0.5387,137.330002,137.869995,135.080002,135.600006,135.600006,26315200.0
173,GOOGL,2023-10-21,0.0408,0.8679,0.0915,0.5366,136.5666656666667,137.799998,134.70333366666668,135.900004,135.900004,26316100.0
174,GOOGL,2023-10-22,0.0117,0.8691,0.1193,0.9947,135.80332933333335,137.730001,134.32666533333332,136.200002,136.200002,26317000.0
175,GOOGL,2023-10-23,0.0141,0.8688,0.1168,0.9881,135.039993,137.660004,133.949997,136.5,136.5,26317900.0
176,GOOGL,2023-10-24,0.0133,0.8744,0.112,0.9858,137.830002,139.360001,137.419998,138.809998,138.809998,44814300.0
177,GOOGL,2023-10-25,0.0397,0.8322,0.1283,0.9954,128.160004,128.309998,125.07,125.610001,125.610001,84366200.0
178,GOOGL,2023-10-26,0.049,0.8272,0.1243,0.9909,123.269997,124.330002,121.269997,122.279999,122.279999,57061100.0
179,HD,2023-10-01,0.0425,0.6208,0.0867,0.4086,300.519989,303.450012,298.459991,299.829987,299.829987,2806800.0
180,HD,2023-10-02,0.0123,0.648,0.0897,0.7459,300.519989,303.450012,298.459991,299.829987,299.829987,2806800.0
181,HD,2023-10-03,0.0328,0.8638,0.104,0.9047,297.910004,298.299988,290.070007,291.940002,291.940002,3609200.0
182,HD,2023-10-04,0.0362,0.8485,0.1158,0.9953,293.359985,294.209991,290.359985,292.390015,292.390015,2956300.0
183,HD,2023-10-05,0.013,0.8755,0.1115,0.9901,292.0,292.670013,290.23999,291.700012,291.700012,2469300.0
184,HD,2023-10-06,0.0057,0.6633,0.081,0.7422,290.76001,294.540009,287.390015,292.820007,292.820007,2922000.0
185,HD,2023-10-07,0.017,0.808,0.175,0.9982,290.60666933333334,294.87000566666666,288.153341,293.6666663333333,293.6666663333333,2591300.0
186,HD,2023-10-08,0.0123,0.8397,0.1477,0.9987,290.45332866666666,295.2000023333333,288.916667,294.5133256666667,294.5133256666667,2260600.0
187,HD,2023-10-09,0.0125,0.851,0.1365,0.9931,290.299988,295.529999,289.679993,295.359985,295.359985,1929900.0
188,HD,2023-10-10,0.0147,0.7933,0.192,0.9938,296.690002,300.670013,295.170013,299.220001,299.220001,3116300.0
189,HD,2023-10-11,0.011,0.834,0.155,0.9961,299.73999,300.850006,295.899994,298.049988,298.049988,2292800.0
190,HD,2023-10-12,0.0585,0.8115,0.13,0.0079,297.700012,297.700012,290.769989,293.019989,293.019989,2546400.0
191,HD,2023-10-13,0.01,0.797,0.193,0.9989,292.940002,294.730011,290.890015,291.920013,291.920013,2092700.0
192,HD,2023-10-14,0.0,0.875,0.125,0.9925,293.43666566666667,295.943339,291.78667233333334,293.7233376666667,293.7233376666667,2250800.0
193,HD,2023-10-15,0.0107,0.8793,0.11,0.9854,293.93332933333335,297.156667,292.6833296666667,295.5266623333333,295.5266623333333,2408900.0
194,HD,2023-10-16,0.0208,0.863,0.116,0.9866,294.429993,298.369995,293.579987,297.329987,297.329987,2567000.0
195,HD,2023-10-17,0.0447,0.844,0.1113,0.9321,296.690002,298.359985,294.5,295.940002,295.940002,2139700.0
196,HD,2023-10-18,0.0408,0.8397,0.1195,0.9341,293.0,293.329987,289.579987,290.23999,290.23999,2720100.0
197,HD,2023-10-19,0.026,0.822,0.152,0.9993,291.0,291.339996,286.420013,286.769989,286.769989,3028600.0
198,HD,2023-10-20,0.0217,0.8527,0.1257,0.9872,285.859985,287.179993,283.609985,286.410004,286.410004,2884000.0
199,HD,2023-10-22,0.0705,0.834,0.095,0.558,285.839996,287.7149965,283.969986,285.7400055,285.7400055,2737450.0
200,HD,2023-10-23,0.0452,0.827,0.1278,0.7868,285.820007,288.25,284.329987,285.070007,285.070007,2590900.0
201,HD,2023-10-24,0.0132,0.8752,0.1118,0.9873,286.73999,287.910004,282.029999,283.309998,283.309998,2705200.0
202,HD,2023-10-25,0.013,0.8732,0.114,0.9882,281.75,283.230011,279.200012,280.929993,280.929993,2962800.0
203,HD,2023-10-26,0.015,0.8477,0.1373,0.995,280.529999,283.23999,277.75,278.0,278.0,3108200.0
204,INTC,2023-10-01,0.0155,0.8655,0.1195,0.9962,35.610001,35.98,34.98,35.459999,35.343781,26086200.0
205,INTC,2023-10-02,0.0155,0.8655,0.1195,0.9962,35.610001,35.98,34.98,35.459999,35.343781,26086200.0
206,INTC,2023-10-03,0.015,0.864,0.1215,0.9826,35.27,36.540001,35.27,35.689999,35.573029,45292600.0
207,INTC,2023-10-04,0.0175,0.839,0.144,0.9988,36.52,36.52,35.330002,35.93,35.812244,39842200.0
208,INTC,2023-10-05,0.0095,0.866,0.1245,0.9883,35.970001,36.099998,35.599998,35.889999,35.772373,25771200.0
209,INTC,2023-10-06,0.0155,0.887,0.097,0.9582,35.869999,36.459999,35.18,36.189999,36.071388,33252300.0
210,INTC,2023-10-07,0.024,0.8405,0.1355,0.9958,35.813333,36.363332,35.28666666666667,36.146666333333336,36.028198,28626900.0
211,INTC,2023-10-08,0.026,0.8935,0.0805,0.8649,35.756667,36.266665,35.39333333333333,36.10333366666666,35.985008,24001500.0
212,INTC,2023-10-09,0.0055,0.869,0.1255,0.9888,35.700001,36.169998,35.5,36.060001,35.941818,19376100.0
213,INTC,2023-10-10,0.0085,0.853,0.1385,0.9951,36.139999,36.740002,35.810001,36.43,36.310604,24044100.0
214,INTC,2023-10-11,0.0175,0.87,0.1125,0.995,36.619999,37.029999,36.380001,36.880001,36.759129,19262600.0
215,INTC,2023-10-12,0.0315,0.8585,0.1105,0.9986,36.799999,37.220001,36.389999,36.84,36.719261,23639200.0
216,INTC,2023-10-13,0.035,0.847,0.1185,0.9587,36.740002,36.790001,35.860001,35.970001,35.852112,28390100.0
217,INTC,2023-10-14,0.0685,0.843,0.0885,0.931,36.540001,36.84000033333333,35.93333466666667,36.16666766666667,36.048134,28778666.666666668
218,INTC,2023-10-15,0.029,0.8795,0.091,0.9914,36.34,36.88999966666667,36.00666833333333,36.36333433333333,36.244156,29167233.33333333
219,INTC,2023-10-16,0.015,0.8395,0.1455,0.9948,36.139999,36.939999,36.080002,36.560001,36.440178,29555800.0
220,INTC,2023-10-17,0.026,0.8915,0.0825,0.9826,35.919998,36.349998,35.07,36.060001,35.941818,24993600.0
221,INTC,2023-10-18,0.0275,0.871,0.1015,0.8705,35.52,36.02,35.450001,35.639999,35.523193,22086000.0
222,INTC,2023-10-19,0.0275,0.871,0.1015,0.8705,35.959999,36.360001,35.52,35.669998,35.553093,29201800.0
223,INTC,2023-10-20,0.0315,0.9195,0.049,0.4879,35.650002,36.279999,34.869999,34.919998,34.80555,32291800.0
224,INTC,2023-10-21,0.064,0.806,0.13,0.9982,35.30000066666667,35.91666566666667,34.37666566666667,34.56333133333333,34.450053,39502766.66666666
225,INTC,2023-10-22,0.041,0.8535,0.105,0.9736,34.94999933333333,35.55333233333333,33.883332333333335,34.20666466666667,34.094556,46713733.333333336
226,INTC,2023-10-23,0.0305,0.8705,0.099,0.9734,34.599998,35.189999,33.389999,33.849998,33.739059,53924700.0
227,INTC,2023-10-24,0.0125,0.8835,0.104,0.9891,33.639999,34.709999,33.639999,34.59,34.476635,52673900.0
228,INTC,2023-10-25,0.004,0.9045,0.0915,0.9345,34.18,34.450001,32.549999,32.830002,32.722404,44658500.0
229,JNJ,2023-10-01,0.024,0.8305,0.1462,0.9957,155.419998,155.419998,153.320007,155.149994,155.149994,7259700.0
230,JNJ,2023-10-02,0.0563,0.8522,0.092,0.4116,155.419998,155.419998,153.320007,155.149994,155.149994,7259700.0
231,JNJ,2023-10-03,0.0838,0.8333,0.083,-0.0847,154.679993,155.5,153.889999,155.339996,155.339996,5740800.0
232,JNJ,2023-10-04,0.157,0.806,0.037,-0.9975,155.570007,155.929993,154.570007,155.520004,155.520004,4955200.0
233,JNJ,2023-10-05,0.03,0.818,0.151,0.9956,156.270004,158.039993,156.070007,157.139999,157.139999,5993300.0
234,JNJ,2023-10-06,0.03,0.818,0.151,0.9956,157.080002,158.300003,156.589996,157.639999,157.639999,5801100.0
235,JNJ,2023-10-07,0.079,0.816,0.105,0.9862,157.1299975,158.59000400000002,156.839996,158.089996,158.089996,5107600.0
236,JNJ,2023-10-09,0.0323,0.8167,0.1507,0.9986,157.179993,158.880005,157.089996,158.539993,158.539993,4414100.0
237,JNJ,2023-10-10,0.0267,0.7752,0.198,0.9852,158.380005,159.270004,157.899994,158.360001,158.360001,5273500.0
238,JNJ,2023-10-11,0.0215,0.7883,0.1903,0.9851,158.460007,159.050003,156.039993,156.179993,156.179993,6922900.0
239,JNJ,2023-10-12,0.0435,0.8458,0.1105,0.4982,155.919998,156.559998,155.070007,156.330002,156.330002,5792400.0
240,JNJ,2023-10-13,0.047,0.8627,0.0903,0.2808,156.729996,157.360001,156.050003,156.850006,156.850006,5359800.0
241,JNJ,2023-10-14,0.0385,0.8625,0.0985,0.9207,157.093333,157.65666733333333,156.313334,157.07667033333334,157.07667033333334,5709233.333333333
242,JNJ,2023-10-15,0.019,0.852,0.128,0.9941,157.45667,157.95333366666668,156.57666500000002,157.30333466666667,157.30333466666667,6058666.666666667
243,JNJ,2023-10-16,0.0278,0.8818,0.0902,0.9892,157.820007,158.25,156.839996,157.529999,157.529999,6408100.0
244,JNJ,2023-10-17,0.0278,0.8818,0.0902,0.9892,155.979996,158.949997,154.610001,156.089996,156.089996,12244400.0
245,JNJ,2023-10-18,0.0335,0.835,0.1318,0.6005,155.410004,155.949997,152.050003,152.729996,152.729996,9097300.0
246,JNJ,2023-10-19,0.0285,0.8768,0.0948,0.9284,151.669998,153.110001,150.149994,152.320007,152.320007,7733800.0
247,JNJ,2023-10-20,0.037,0.8808,0.0823,0.7116,152.740005,153.869995,152.330002,153.0,153.0,7206600.0
248,JNJ,2023-10-21,0.0367,0.852,0.1113,0.3342,152.78000366666666,153.74666333333332,151.95667033333334,152.463333,152.463333,6762400.0
249,JNJ,2023-10-22,0.0143,0.86,0.1257,0.9974,152.82000233333335,153.62333166666667,151.58333866666666,151.92666599999998,151.92666599999998,6318200.0
250,JNJ,2023-10-23,0.0143,0.86,0.1257,0.9974,152.860001,153.5,151.210007,151.389999,151.389999,5874000.0
251,JNJ,2023-10-24,0.0497,0.8423,0.1073,0.9882,150.75,151.960007,150.130005,151.229996,151.229996,6155300.0
252,JNJ,2023-10-25,0.0515,0.83,0.1185,0.9827,151.240005,152.169998,150.229996,151.570007,151.570007,5880800.0
253,JPM,2023-10-01,0.048,0.8675,0.085,0.2792,144.830002,145.619995,142.630005,143.770004,142.716919,9170600.0
254,JPM,2023-10-02,0.0905,0.8305,0.0785,-0.03,144.830002,145.619995,142.630005,143.770004,142.716919,9170600.0
255,JPM,2023-10-03,0.0725,0.875,0.0525,-0.0554,143.199997,143.589996,142.350006,142.710007,141.664688,9431100.0
256,JPM,2023-10-04,0.079,0.856,0.065,-0.0323,143.190002,143.470001,141.929993,143.350006,142.300003,8128700.0
257,JPM,2023-10-05,0.0825,0.759,0.1585,0.9917,142.039993,143.100006,140.830002,142.899994,142.899994,8576200.0
258,JPM,2023-10-06,0.0825,0.759,0.1585,0.9917,142.910004,145.880005,142.139999,145.100006,145.100006,10269400.0
259,JPM,2023-10-07,0.0625,0.873,0.064,0.18,143.160004,145.72000133333333,142.59333266666667,144.99000533333333,144.99000533333333,9167900.0
260,JPM,2023-10-08,0.0735,0.8485,0.078,0.038,143.410004,145.55999766666667,143.04666633333332,144.88000466666668,144.88000466666668,8066400.0
261,JPM,2023-10-09,0.04,0.848,0.1125,0.9622,143.660004,145.399994,143.5,144.770004,144.770004,6964900.0
262,JPM,2023-10-10,0.0045,0.8905,0.105,0.9696,145.419998,146.770004,145.279999,145.649994,145.649994,11288800.0
263,JPM,2023-10-11,0.05,0.84,0.11,0.9138,146.509995,147.229996,145.020004,146.149994,146.149994,8698200.0
264,JPM,2023-10-12,0.0685,0.7835,0.1475,0.9895,146.300003,146.960007,145.130005,145.809998,145.809998,10484400.0
265,JPM,2023-10-13,0.0685,0.7835,0.1475,0.9895,148.5,153.110001,147.839996,148.0,148.0,29427000.0
266,JPM,2023-10-14,0.0475,0.8595,0.093,0.9782,148.8166656666667,151.91333533333335,147.46666433333334,147.950002,147.950002,23839166.666666668
267,JPM,2023-10-15,0.055,0.845,0.1,0.9839,149.13333133333333,150.71666966666666,147.09333266666667,147.900004,147.900004,18251333.333333336
268,JPM,2023-10-16,0.06,0.8355,0.1045,0.9849,149.449997,149.520004,146.720001,147.850006,147.850006,12663500.0
269,JPM,2023-10-17,0.05,0.8085,0.142,0.9942,147.570007,149.309998,146.789993,147.529999,147.529999,11482700.0
270,JPM,2023-10-18,0.05,0.8085,0.142,0.9942,146.589996,147.479996,145.369995,145.910004,145.910004,9620300.0
271,JPM,2023-10-19,0.03,0.8135,0.156,0.9992,145.479996,147.020004,144.880005,145.289993,145.289993,11143600.0
272,JPM,2023-10-20,0.03,0.8135,0.156,0.9992,144.570007,145.139999,142.119995,142.949997,142.949997,13332000.0
273,JPM,2023-10-21,0.044,0.862,0.094,0.9591,144.026672,144.65333033333332,141.65666199999998,142.299998,142.299998,12265800.0
274,JPM,2023-10-22,0.045,0.847,0.108,0.9764,143.483337,144.16666166666667,141.193329,141.649999,141.649999,11199600.0
275,JPM,2023-10-23,0.0755,0.8655,0.059,-0.6851,142.940002,143.679993,140.729996,141.0,141.0,10133400.0
276,JPM,2023-10-24,0.0755,0.8655,0.059,-0.6851,141.190002,141.729996,140.360001,141.169998,141.169998,8881400.0
277,JPM,2023-10-25,0.0555,0.842,0.102,0.9308,140.570007,141.179993,139.509995,140.399994,140.399994,8242600.0
278,MA,2023-10-01,0.081,0.755,0.164,0.9873,393.600006,396.359985,392.450012,395.850006,395.276978,2856800.0
279,MA,2023-10-02,0.004,0.85,0.145,0.9988,393.600006,396.359985,392.450012,395.850006,395.276978,2856800.0
280,MA,2023-10-03,0.0075,0.864,0.128,0.9967,394.5,397.859985,388.970001,391.059998,390.493927,2527900.0
281,MA,2023-10-04,0.011,0.878,0.111,0.9945,392.0,394.470001,388.579987,393.76001,393.190033,1813400.0
282,MA,2023-10-05,0.009,0.834,0.157,0.9962,390.390015,394.720001,390.0,394.200012,394.200012,2116600.0
283,MA,2023-10-06,0.009,0.834,0.157,0.9962,393.230011,401.0,390.5,397.970001,397.970001,2484000.0
284,MA,2023-10-07,0.0,0.934,0.066,0.9804,393.845001,398.75,390.0399935,396.3549955,396.3549955,2479550.0
285,MA,2023-10-09,0.066,0.849,0.085,-0.014,394.459991,396.5,389.579987,394.73999,394.73999,2475100.0
286,MA,2023-10-10,0.066,0.849,0.085,-0.014,395.540009,402.720001,393.850006,400.369995,400.369995,2713800.0
287,MA,2023-10-11,0.005,0.893,0.102,0.9744,403.25,405.130005,397.359985,399.809998,399.809998,2055600.0
288,MA,2023-10-12,0.02,0.8705,0.1095,0.984,403.799988,405.339996,397.320007,399.899994,399.899994,1779000.0
289,MA,2023-10-13,0.04,0.8475,0.1125,0.9869,398.809998,402.140015,395.079987,398.029999,398.029999,2235600.0
290,MA,2023-10-15,0.0,0.903,0.097,0.9972,399.524994,403.285004,396.929993,399.5950015,399.5950015,2218850.0
291,MA,2023-10-16,0.038,0.887,0.0745,0.3975,400.23999,404.429993,398.779999,401.160004,401.160004,2202100.0
292,MA,2023-10-17,0.055,0.8865,0.058,0.3241,399.640015,403.609985,398.450012,401.769989,401.769989,2176000.0
293,MA,2023-10-18,0.039,0.8395,0.1215,0.9934,399.109985,401.369995,392.559998,393.209991,393.209991,1951400.0
294,MA,2023-10-19,0.018,0.878,0.104,0.9917,393.850006,394.829987,385.5,387.869995,387.869995,3472800.0
295,MA,2023-10-20,0.023,0.825,0.152,0.9966,387.869995,389.98999,384.170013,384.410004,384.410004,2652500.0
296,MA,2023-10-22,0.02,0.928,0.053,0.6077,385.0899965,388.9249875,382.5850065,384.0400085,384.0400085,2212150.0
297,MA,2023-10-23,0.02,0.928,0.053,0.6077,382.309998,387.859985,381.0,383.670013,383.670013,1771800.0
298,MA,2023-10-24,0.007,0.879,0.114,0.9953,385.5,389.429993,383.869995,386.910004,386.910004,2003300.0
299,MA,2023-10-25,0.017,0.8895,0.093,0.9804,384.0,388.630005,382.23999,386.309998,386.309998,3504500.0
300,MA,2023-10-26,0.017,0.8895,0.093,0.9804,371.019989,375.549988,363.040009,364.589996,364.589996,6920100.0
301,MSFT,2023-10-01,0.049,0.8329,0.1178,0.4547,316.279999,321.890015,315.179993,321.799988,321.148163,20570000.0
302,MSFT,2023-10-02,0.0372,0.8385,0.124,0.9715,316.279999,321.890015,315.179993,321.799988,321.148163,20570000.0
303,MSFT,2023-10-03,0.0319,0.883,0.0847,0.9553,320.829987,321.390015,311.209991,313.390015,312.755219,21033500.0
304,MSFT,2023-10-04,0.0262,0.8513,0.1227,0.9755,314.029999,320.040009,314.0,318.959991,318.313934,20720100.0
305,MSFT,2023-10-05,0.0195,0.8403,0.1406,0.9917,319.089996,319.980011,314.899994,319.359985,318.713104,16965600.0
306,MSFT,2023-10-06,0.0097,0.8671,0.1234,0.8618,316.549988,329.190002,316.299988,327.26001,326.597137,25645500.0
307,MSFT,2023-10-07,0.0295,0.8587,0.1116,0.78,319.2833253333333,329.55999733333334,318.593323,328.1133423333333,327.4487403333333,23727400.0
308,MSFT,2023-10-08,0.0333,0.8983,0.0685,0.5313,322.01666266666666,329.92999266666664,320.886658,328.9666746666667,328.30034366666666,21809300.0
309,MSFT,2023-10-09,0.02,0.8955,0.0846,0.9028,324.75,330.299988,323.179993,329.820007,329.151947,19891200.0
310,MSFT,2023-10-10,0.0283,0.9073,0.0644,0.4455,330.959991,331.100006,327.670013,328.390015,327.724854,20557100.0
311,MSFT,2023-10-11,0.0415,0.9027,0.0556,0.0516,331.209991,332.820007,329.140015,332.420013,331.746674,20063200.0
312,MSFT,2023-10-12,0.0418,0.8725,0.086,0.9827,330.570007,333.630005,328.720001,331.160004,330.489227,19313100.0
313,MSFT,2023-10-13,0.0465,0.8648,0.089,0.9828,332.380005,333.829987,326.359985,327.730011,327.066193,21072400.0
314,MSFT,2023-10-14,0.042,0.8467,0.1115,0.9923,331.936666,334.59999633333337,327.77332533333333,329.366679,328.69954466666667,21434266.666666668
315,MSFT,2023-10-15,0.0199,0.6613,0.0687,0.6947,331.493327,335.37000566666666,329.18666566666667,331.003347,330.33289633333334,21796133.33333333
316,MSFT,2023-10-16,0.0158,0.6649,0.0693,0.7408,331.049988,336.140015,330.600006,332.640015,331.966248,22158000.0
317,MSFT,2023-10-17,0.0165,0.6578,0.0757,0.7421,329.589996,333.459991,327.410004,332.059998,331.38739,18338500.0
318,MSFT,2023-10-18,0.0197,0.8628,0.1174,0.6399,332.48999,335.589996,328.299988,330.109985,329.441345,23153600.0
319,MSFT,2023-10-19,0.0318,0.8447,0.1235,0.9983,332.149994,336.880005,330.910004,331.320007,330.648895,25052100.0
320,MSFT,2023-10-20,0.0318,0.8447,0.1235,0.9983,331.720001,331.920013,325.450012,326.670013,326.008331,25012600.0
321,MSFT,2023-10-21,0.0633,0.8605,0.0761,0.4412,329.6366676666667,332.1900123333333,325.09667966666666,327.5533443333333,326.889872,24799966.666666668
322,MSFT,2023-10-22,0.0219,0.8232,0.1549,0.9973,327.55333433333334,332.4600116666667,324.74334733333336,328.43667566666664,327.771413,24587333.33333333
323,MSFT,2023-10-23,0.0107,0.8486,0.141,0.9937,325.470001,332.730011,324.390015,329.320007,328.652954,24374700.0
324,MSFT,2023-10-24,0.0088,0.8818,0.1095,0.9942,331.299988,331.839996,327.600006,330.529999,329.860504,31153600.0
325,MSFT,2023-10-25,0.0141,0.8618,0.1237,0.9974,345.019989,346.200012,337.619995,340.670013,339.97998,55053800.0
326,MSFT,2023-10-26,0.0124,0.8542,0.1333,0.9988,340.540009,341.630005,326.940002,327.890015,327.225861,37828500.0
327,NVDA,2023-10-01,0.0278,0.8107,0.161,0.9866,440.299988,451.75,438.609985,447.820007,447.820007,43329800.0
328,NVDA,2023-10-02,0.0297,0.8043,0.1655,0.9831,440.299988,451.75,438.609985,447.820007,447.820007,43329800.0
329,NVDA,2023-10-03,0.017,0.8393,0.1437,0.9929,448.079987,451.299988,432.459991,435.170013,435.170013,47085000.0
330,NVDA,2023-10-04,0.021,0.8695,0.1098,0.9083,437.420013,441.429993,432.920013,440.410004,440.410004,36182100.0
331,NVDA,2023-10-05,0.0323,0.8433,0.1247,0.9096,440.5,449.0,438.880005,446.880005,446.880005,39348300.0
332,NVDA,2023-10-06,0.0338,0.8263,0.1398,0.9964,441.929993,457.890015,440.26001,457.619995,457.619995,43339700.0
333,NVDA,2023-10-07,0.042,0.8578,0.1005,0.4972,444.093333,457.2766726666667,441.40000433333336,455.9900003333333,455.9900003333333,42548966.66666666
334,NVDA,2023-10-08,0.0278,0.8442,0.128,0.999,446.256673,456.6633303333333,442.5399986666667,454.36000566666667,454.36000566666667,41758233.333333336
335,NVDA,2023-10-09,0.0338,0.844,0.1217,0.9984,448.420013,456.049988,443.679993,452.730011,452.730011,40967500.0
336,NVDA,2023-10-10,0.0257,0.8468,0.127,0.99,453.100006,462.589996,450.880005,457.980011,457.980011,36858200.0
337,NVDA,2023-10-11,0.0355,0.8143,0.1505,0.9974,461.959991,468.589996,460.5,468.059998,468.059998,37813700.0
338,NVDA,2023-10-12,0.025,0.824,0.1512,0.9974,467.769989,476.089996,463.299988,469.450012,469.450012,48132500.0
339,NVDA,2023-10-13,0.0408,0.7927,0.167,0.9469,469.600006,471.160004,452.799988,454.609985,454.609985,47411500.0
340,NVDA,2023-10-14,0.0612,0.826,0.113,0.499,463.27667233333335,468.19000266666666,451.5733236666667,456.7233273333333,456.7233273333333,44110966.66666666
341,NVDA,2023-10-15,0.0295,0.7947,0.176,0.9958,456.9533386666666,465.22000133333336,450.3466593333333,458.8366696666667,458.8366696666667,40810433.333333336
342,NVDA,2023-10-16,0.0295,0.7875,0.1827,0.9965,450.630005,462.25,449.119995,460.950012,460.950012,37509900.0
343,NVDA,2023-10-17,0.0385,0.855,0.1062,0.9474,440.0,447.540009,424.799988,439.380005,439.380005,81233300.0
344,NVDA,2023-10-18,0.034,0.878,0.088,0.5157,425.910004,432.190002,418.25,421.959991,421.959991,62729400.0
345,NVDA,2023-10-19,0.0457,0.8678,0.0865,0.4121,428.109985,432.970001,418.820007,421.01001,421.01001,50123300.0
346,NVDA,2023-10-20,0.0542,0.8423,0.1032,0.4474,418.899994,424.700012,410.779999,413.869995,413.869995,47638100.0
347,NVDA,2023-10-21,0.038,0.8425,0.1195,0.8161,416.69666566666666,427.293345,410.33667,419.16333,419.16333,47709733.333333336
348,NVDA,2023-10-22,0.0408,0.8515,0.1075,0.5732,414.4933373333333,429.886678,409.893341,424.456665,424.456665,47781366.66666666
349,NVDA,2023-10-23,0.0398,0.8632,0.097,0.4516,412.290009,432.480011,409.450012,429.75,429.75,47853000.0
350,NVDA,2023-10-24,0.0293,0.8638,0.1072,0.8315,430.769989,436.970001,426.910004,436.630005,436.630005,40146300.0
351,NVDA,2023-10-25,0.032,0.8347,0.1333,0.9947,433.980011,436.5,415.549988,417.790009,417.790009,39837900.0
352,NVDA,2023-10-26,0.014,0.8393,0.1465,0.999,418.529999,422.559998,398.799988,403.26001,403.26001,54100100.0
353,PYPL,2023-10-01,0.0265,0.8195,0.154,0.997,58.619999,59.639999,58.005001,58.560001,58.560001,12961500.0
354,PYPL,2023-10-02,0.024,0.878,0.098,0.9981,58.619999,59.639999,58.005001,58.560001,58.560001,12961500.0
355,PYPL,2023-10-03,0.025,0.8595,0.116,0.9989,57.889999,58.650002,57.119999,57.299999,57.299999,12014000.0
356,PYPL,2023-10-04,0.019,0.867,0.1145,0.9954,58.110001,58.654999,57.310001,58.57,58.57,11019600.0
357,PYPL,2023-10-05,0.0465,0.8675,0.086,0.6775,58.389999,58.66,57.259998,57.48,57.48,13037200.0
358,PYPL,2023-10-06,0.081,0.842,0.077,0.3638,56.830002,58.248001,55.860001,57.77,57.77,18344500.0
359,PYPL,2023-10-07,0.0055,0.8285,0.166,0.9998,56.885001,58.195334,56.012667666666665,57.833333,57.833333,15688533.333333334
360,PYPL,2023-10-08,0.0055,0.8285,0.166,0.9998,56.94,58.142667,56.16533433333333,57.896666,57.896666,13032566.666666668
361,PYPL,2023-10-09,0.026,0.8955,0.078,0.6553,56.994999,58.09,56.318001,57.959999,57.959999,10376600.0
362,PYPL,2023-10-10,0.032,0.8745,0.093,0.9808,57.959999,58.5,57.41,57.720001,57.720001,17455200.0
363,PYPL,2023-10-11,0.006,0.922,0.072,0.6654,58.110001,58.889999,57.580002,58.07,58.07,10866200.0
364,PYPL,2023-10-12,0.054,0.811,0.135,0.9725,58.09,58.105,56.240002,56.355,56.355,13497100.0
365,PYPL,2023-10-13,0.057,0.795,0.148,0.9998,56.5,56.880001,55.529999,55.75,55.75,12048500.0
366,PYPL,2023-10-14,0.03,0.818,0.152,0.9982,56.37000033333333,56.946668,55.623333,56.16666666666666,56.16666666666666,12788233.333333334
367,PYPL,2023-10-15,0.0045,0.8735,0.1225,0.9979,56.24000066666667,57.013335,55.716667,56.583333333333336,56.583333333333336,13527966.666666666
368,PYPL,2023-10-16,0.007,0.8835,0.11,0.999,56.110001,57.080002,55.810001,57.0,57.0,14267700.0
369,PYPL,2023-10-17,0.0175,0.8705,0.112,0.9861,56.509998,57.59,56.490002,57.16,57.16,10325200.0
370,PYPL,2023-10-18,0.026,0.852,0.121,0.993,56.529999,57.097,55.705002,55.799999,55.799999,10514500.0
371,PYPL,2023-10-19,0.094,0.8595,0.0465,-0.4552,55.66,56.400002,54.700001,54.810001,54.810001,16298500.0
372,PYPL,2023-10-20,0.094,0.8595,0.0465,-0.4552,53.990002,54.470001,53.34,53.389999,53.389999,20966100.0
373,PYPL,2023-10-21,0.061,0.8275,0.1115,0.0209,53.633334,54.35500066666667,53.11000066666667,53.40999966666667,53.40999966666667,18520533.33333333
374,PYPL,2023-10-22,0.012,0.885,0.103,0.9914,53.276666,54.24000033333333,52.88000133333333,53.43000033333333,53.43000033333333,16074966.666666668
375,PYPL,2023-10-23,0.031,0.866,0.103,0.9888,52.919998,54.125,52.650002,53.450001,53.450001,13629400.0
376,PYPL,2023-10-24,0.0575,0.807,0.1355,0.9965,53.880001,54.610001,53.59,54.240002,54.240002,9733900.0
377,PYPL,2023-10-25,0.0575,0.807,0.1355,0.9965,52.549999,52.779999,51.23,51.490002,51.490002,22784100.0
378,TSLA,2023-10-01,0.0503,0.882,0.0675,0.0119,244.809998,254.279999,242.619995,251.600006,251.600006,123810400.0
379,TSLA,2023-10-02,0.0335,0.8451,0.1218,0.977,244.809998,254.279999,242.619995,251.600006,251.600006,123810400.0
380,TSLA,2023-10-03,0.0503,0.7865,0.1635,0.9974,248.610001,250.020004,244.449997,246.529999,246.529999,101985300.0
381,TSLA,2023-10-04,0.0749,0.839,0.0859,0.0132,248.139999,261.859985,247.600006,261.160004,261.160004,129721600.0
382,TSLA,2023-10-05,0.078,0.842,0.0799,0.01,260.0,263.600006,256.25,260.049988,260.049988,119159200.0
383,TSLA,2023-10-06,0.0336,0.845,0.1214,0.9512,253.979996,261.649994,250.649994,260.529999,260.529999,117947000.0
384,TSLA,2023-10-07,0.0287,0.9157,0.0552,0.5509,254.42333,261.5533243333333,251.11666366666665,260.243337,260.243337,112423966.66666669
385,TSLA,2023-10-08,0.0177,0.8788,0.1036,0.9886,254.866664,261.4566546666667,251.5833333333333,259.956675,259.956675,106900933.33333331
386,TSLA,2023-10-09,0.0177,0.8788,0.1036,0.9886,255.309998,261.359985,252.050003,259.670013,259.670013,101377900.0
387,TSLA,2023-10-10,0.0562,0.8214,0.1225,0.7302,257.75,268.940002,257.649994,263.619995,263.619995,122656000.0
388,TSLA,2023-10-11,0.0369,0.8435,0.1192,0.9796,266.200012,268.600006,260.899994,262.98999,262.98999,103706300.0
389,TSLA,2023-10-12,0.0303,0.8718,0.0978,0.967,262.920013,265.410004,256.630005,258.869995,258.869995,111508100.0
390,TSLA,2023-10-13,0.0445,0.8674,0.0882,0.8932,258.899994,259.600006,250.220001,251.119995,251.119995,102073800.0
391,TSLA,2023-10-14,0.0362,0.855,0.1087,0.9866,255.949997,258.200002,249.6399993333333,252.05332933333327,252.05332933333327,97688266.66666669
392,TSLA,2023-10-15,0.0519,0.8423,0.106,0.7656,253.0,256.799998,249.05999766666667,252.98666366666663,252.98666366666663,93302733.33333331
393,TSLA,2023-10-16,0.0529,0.851,0.0963,0.7655,250.050003,255.399994,248.479996,253.919998,253.919998,88917200.0
394,TSLA,2023-10-17,0.0705,0.617,0.0628,0.162,250.100006,257.179993,247.080002,254.850006,254.850006,93562900.0
395,TSLA,2023-10-18,0.0622,0.8191,0.1188,0.8621,252.699997,254.630005,242.080002,242.679993,242.679993,125147800.0
396,TSLA,2023-10-19,0.0517,0.8263,0.1221,0.9454,225.949997,230.610001,216.779999,220.110001,220.110001,170772700.0
397,TSLA,2023-10-20,0.0553,0.8482,0.0963,0.4796,217.009995,218.860001,210.419998,211.990005,211.990005,137734000.0
398,TSLA,2023-10-21,0.032,0.867,0.1005,0.9803,214.67333,218.23333266666668,207.7833303333333,212.020004,212.020004,142050466.66666666
399,TSLA,2023-10-22,0.0462,0.855,0.099,0.5014,212.336665,217.60666433333333,205.14666266666663,212.050003,212.050003,146366933.33333334
400,TSLA,2023-10-23,0.0462,0.855,0.099,0.5014,210.0,216.979996,202.509995,212.080002,212.080002,150683400.0
401,TSLA,2023-10-24,0.047,0.8795,0.073,0.3689,216.5,222.050003,214.110001,216.520004,216.520004,118231100.0
402,TSLA,2023-10-25,0.0441,0.8778,0.078,0.9055,215.880005,220.100006,212.199997,212.419998,212.419998,107065100.0
403,TSLA,2023-10-26,0.0558,0.865,0.0793,0.4606,211.320007,214.800003,204.880005,205.759995,205.759995,115112600.0
404,UNH,2023-10-01,0.0295,0.8075,0.1635,0.9995,505.529999,514.840027,503.140015,514.570007,514.570007,3550400.0
405,UNH,2023-10-02,0.01,0.834,0.156,0.998,505.529999,514.840027,503.140015,514.570007,514.570007,3550400.0
406,UNH,2023-10-03,0.01,0.834,0.156,0.998,513.299988,513.97998,508.359985,509.470001,509.470001,3143200.0
407,UNH,2023-10-04,0.015,0.857,0.128,0.9961,509.48999,511.820007,506.609985,510.619995,510.619995,2801700.0
408,UNH,2023-10-05,0.005,0.843,0.153,0.9993,511.619995,518.210022,511.230011,516.22998,516.22998,2790700.0
409,UNH,2023-10-06,0.005,0.843,0.153,0.9993,516.450012,525.950012,515.97998,524.809998,524.809998,3645500.0
410,UNH,2023-10-07,0.0575,0.8455,0.0975,0.9594,518.0166826666667,526.256673,517.40332,525.3766686666667,525.3766686666667,3210866.6666666665
411,UNH,2023-10-08,0.0215,0.874,0.1045,0.9948,519.5833533333333,526.563334,518.82666,525.9433393333333,525.9433393333333,2776233.333333333
412,UNH,2023-10-09,0.0215,0.874,0.1045,0.9948,521.150024,526.869995,520.25,526.51001,526.51001,2341600.0
413,UNH,2023-10-10,0.025,0.8075,0.168,0.9968,526.5,528.140015,523.080017,524.23999,524.23999,2455700.0
414,UNH,2023-10-11,0.025,0.8075,0.168,0.9968,520.919983,525.590027,520.22998,524.130005,524.130005,2819300.0
415,UNH,2023-10-12,0.0355,0.813,0.152,0.9906,524.469971,528.580017,522.25,525.539978,525.539978,2377300.0
416,UNH,2023-10-13,0.0355,0.813,0.152,0.9906,533.25,544.460022,532.0,539.400024,539.400024,5245400.0
417,UNH,2023-10-14,0.041,0.816,0.142,0.9993,536.5599976666666,545.2333576666666,533.3733316666667,538.943359,538.943359,4772800.0
418,UNH,2023-10-15,0.008,0.861,0.131,0.9943,539.8699953333333,546.0066933333334,534.7466633333333,538.486694,538.486694,4300200.0
419,UNH,2023-10-16,0.008,0.861,0.131,0.9943,543.179993,546.780029,536.119995,538.030029,538.030029,3827600.0
420,UNH,2023-10-17,0.0235,0.8665,0.1105,0.9802,539.940002,542.429993,534.570007,536.650024,536.650024,2586000.0
421,UNH,2023-10-18,0.0415,0.8235,0.135,0.8948,543.039978,543.97998,535.400024,536.059998,536.059998,2551400.0
422,UNH,2023-10-19,0.026,0.786,0.188,0.9983,536.820007,538.340027,529.25,531.630005,531.630005,2351200.0
423,UNH,2023-10-20,0.034,0.792,0.174,0.9984,531.0,534.429993,526.77002,527.030029,527.030029,2810800.0
424,UNH,2023-10-21,0.0325,0.8955,0.0715,0.9628,529.6766763333334,532.2133383333334,524.610006,525.2100216666666,525.2100216666666,2659766.6666666665
425,UNH,2023-10-22,0.0235,0.827,0.149,0.9954,528.3533526666666,529.9966836666666,522.4499920000001,523.3900143333334,523.3900143333334,2508733.333333333
426,UNH,2023-10-23,0.0235,0.827,0.149,0.9954,527.030029,527.780029,520.289978,521.570007,521.570007,2357700.0
427,UNH,2023-10-24,0.0045,0.8395,0.156,0.994,522.859985,530.669983,522.070007,525.0,525.0,1978200.0
428,UNH,2023-10-25,0.0045,0.8395,0.156,0.994,527.27002,532.359985,520.080017,530.210022,530.210022,2380100.0
429,UNH,2023-10-26,0.0125,0.878,0.109,0.9964,525.700012,530.469971,522.52002,528.359985,528.359985,2675800.0
430,V,2023-10-01,0.022,0.826,0.1515,0.9908,229.240005,231.369995,228.770004,231.270004,230.778687,5175200.0
431,V,2023-10-02,0.081,0.755,0.164,0.9873,229.240005,231.369995,228.770004,231.270004,230.778687,5175200.0
432,V,2023-10-03,0.057,0.784,0.159,0.9975,230.470001,231.75,227.779999,228.809998,228.323914,5585700.0
433,V,2023-10-04,0.026,0.841,0.134,0.9996,229.479996,231.699997,228.880005,231.220001,230.72879,5430900.0
434,V,2023-10-05,0.048,0.848,0.104,0.9952,230.410004,234.190002,230.220001,233.479996,232.983978,6126200.0
435,V,2023-10-06,0.048,0.848,0.104,0.9952,233.169998,236.589996,232.75,235.039993,234.540665,6401000.0
436,V,2023-10-07,0.048,0.839,0.113,0.8205,233.0466663333333,236.1166633333333,232.399999,234.839996,234.34109533333333,6058066.666666667
437,V,2023-10-08,0.0105,0.837,0.1525,0.9952,232.92333466666668,235.64333066666663,232.049998,234.639999,234.14152566666667,5715133.333333333
438,V,2023-10-09,0.0045,0.9195,0.076,0.958,232.800003,235.169998,231.699997,234.440002,233.941956,5372200.0
439,V,2023-10-10,0.006,0.9065,0.0875,0.9607,234.899994,238.220001,234.279999,236.600006,236.097366,4644000.0
440,V,2023-10-11,0.0445,0.8785,0.077,0.0131,237.550003,238.509995,234.889999,235.679993,235.179306,4760900.0
441,V,2023-10-12,0.0475,0.8815,0.071,0.0121,236.710007,237.729996,234.889999,236.779999,236.276978,4472800.0
442,V,2023-10-13,0.021,0.857,0.121,0.9999,236.389999,238.649994,236.229996,237.669998,237.165085,4966800.0
443,V,2023-10-14,0.021,0.857,0.121,0.9999,237.25999933333333,239.336665,236.929998,238.470001,237.9633893333333,5386966.666666667
444,V,2023-10-15,0.018,0.879,0.103,0.9909,238.12999966666663,240.023336,237.63,239.270004,238.76169366666667,5807133.333333333
445,V,2023-10-16,0.018,0.879,0.103,0.9909,239.0,240.710007,238.330002,240.070007,239.559998,6227300.0
446,V,2023-10-17,0.0385,0.8515,0.1095,0.9459,239.630005,241.479996,238.289993,241.199997,240.687592,4527600.0
447,V,2023-10-18,0.0385,0.8515,0.1095,0.9459,239.960007,240.830002,236.990005,237.470001,236.965515,9528300.0
448,V,2023-10-19,0.0615,0.793,0.1455,0.9981,237.470001,237.919998,233.410004,233.809998,233.313278,5927400.0
449,V,2023-10-20,0.043,0.823,0.134,0.9979,234.130005,235.770004,232.639999,233.380005,232.884201,5748300.0
450,V,2023-10-21,0.0465,0.853,0.1005,0.8684,233.2066703333333,235.33333833333333,232.18666566666667,232.7633363333333,232.26884466666667,5522766.666666667
451,V,2023-10-22,0.016,0.839,0.1445,0.9961,232.2833356666667,234.89667266666663,231.7333323333333,232.14666766666667,231.6534883333333,5297233.333333333
452,V,2023-10-23,0.0,0.894,0.106,0.885,231.360001,234.460007,231.279999,231.529999,231.038132,5071700.0
453,V,2023-10-24,0.0095,0.886,0.1045,0.8889,232.889999,236.529999,232.889999,234.649994,234.151489,6844100.0
454,V,2023-10-25,0.011,0.85,0.1395,0.9988,232.25,238.479996,231.289993,236.850006,236.346832,10365300.0
455,V,2023-10-26,0.038,0.8495,0.1125,0.9828,234.570007,235.610001,230.360001,231.279999,230.788666,6414500.0
456,VZ,2023-10-01,0.06,0.8445,0.095,0.0129,32.439999,32.470001,31.73,31.76,31.096254,24722600.0
457,VZ,2023-10-02,0.0195,0.88,0.1,0.9928,32.439999,32.470001,31.73,31.76,31.096254,24722600.0
458,VZ,2023-10-03,0.0195,0.88,0.1,0.9928,31.700001,32.009998,31.610001,31.98,31.311655,21389400.0
459,VZ,2023-10-04,0.0145,0.834,0.152,0.9981,31.790001,31.969999,31.4,31.540001,30.880852,23694100.0
460,VZ,2023-10-05,0.0145,0.834,0.152,0.9981,31.559999,31.92,31.379999,31.82,31.154999,22774400.0
461,VZ,2023-10-06,0.01775,0.847,0.1355,0.99565,30.940001,31.0,30.139999,30.85,30.85,31277900.0
462,VZ,2023-10-08,0.021,0.86,0.119,0.9932,30.8400005,31.25,30.4399995,31.1500005,31.1500005,25811100.0
463,VZ,2023-10-09,0.021,0.86,0.119,0.9932,30.74,31.5,30.74,31.450001,31.450001,20344300.0
464,VZ,2023-10-10,0.005,0.869,0.1265,0.9978,31.48,31.799999,31.32,31.76,31.76,19151900.0
465,VZ,2023-10-11,0.012,0.849,0.139,0.9987,31.83,31.969999,31.41,31.459999,31.459999,15694200.0
466,VZ,2023-10-12,0.0305,0.8255,0.1435,0.9984,31.33,31.370001,30.65,30.91,30.91,21718300.0
467,VZ,2023-10-13,0.033,0.843,0.1235,0.998,31.08,31.389999,30.639999,30.67,30.67,24528400.0
468,VZ,2023-10-15,0.0125,0.8805,0.107,0.9938,30.96,31.3549995,30.63,30.96,30.96,22808150.0
469,VZ,2023-10-16,0.0345,0.8485,0.1165,0.9938,30.84,31.32,30.620001,31.25,31.25,21087900.0
470,VZ,2023-10-17,0.0295,0.846,0.124,0.9931,31.110001,31.540001,31.1,31.51,31.51,21186000.0
471,VZ,2023-10-18,0.003,0.914,0.083,0.995,31.42,31.48,30.99,31.049999,31.049999,22024300.0
472,VZ,2023-10-19,0.005,0.945,0.0495,0.6864,31.42,31.969999,31.4,31.58,31.58,28806600.0
473,VZ,2023-10-20,0.0175,0.917,0.065,0.6888,31.57,32.139999,31.549999,31.57,31.57,27265100.0
474,VZ,2023-10-21,0.024,0.9,0.076,0.9966,31.54,31.97999933333333,31.453332666666668,31.509999666666666,31.509999666666666,28752000.0
475,VZ,2023-10-22,0.044,0.8595,0.096,0.1778,31.51,31.819999666666668,31.356666333333333,31.44999933333333,31.44999933333333,30238900.0
476,VZ,2023-10-23,0.0255,0.8365,0.138,0.9913,31.48,31.66,31.26,31.389999,31.389999,31725800.0
477,VZ,2023-10-24,0.0235,0.808,0.168,1.0,33.150002,34.459999,32.970001,34.299999,34.299999,61617900.0
478,VZ,2023-10-25,0.017,0.8275,0.1555,0.9991,34.5,34.610001,33.599998,33.689999,33.689999,30832800.0
479,VZ,2023-10-26,0.018,0.882,0.1,0.9926,33.66,34.700001,33.639999,34.470001,34.470001,34367000.0
480,XOM,2023-10-01,0.0135,0.8655,0.121,0.9954,117.529999,117.790001,114.550003,115.629997,114.582222,14395000.0
481,XOM,2023-10-02,0.0135,0.8655,0.121,0.9954,117.529999,117.790001,114.550003,115.629997,114.582222,14395000.0
482,XOM,2023-10-03,0.0255,0.8665,0.108,0.6456,115.440002,116.440002,115.029999,115.830002,114.780411,13297100.0
483,XOM,2023-10-04,0.0265,0.8285,0.145,0.992,114.050003,114.089996,110.5,111.5,110.489647,19622200.0
484,XOM,2023-10-05,0.0135,0.872,0.1145,0.9919,109.800003,110.900002,108.699997,108.989998,108.002388,20128800.0
485,XOM,2023-10-06,0.0135,0.829,0.1575,0.9968,105.730003,108.269997,105.110001,107.169998,106.198883,25363400.0
486,XOM,2023-10-07,0.0455,0.8385,0.1165,0.188,107.30000266666669,109.53666466666668,106.57999966666668,108.419998,107.437556,24365566.666666668
487,XOM,2023-10-08,0.0355,0.7905,0.1745,0.1878,108.87000233333332,110.80333233333332,108.04999833333332,109.669998,108.676229,23367733.33333333
488,XOM,2023-10-09,0.015,0.8005,0.1845,0.9977,110.440002,112.07,109.519997,110.919998,109.914902,22369900.0
489,XOM,2023-10-10,0.0265,0.838,0.135,0.9963,111.019997,111.449997,110.120003,110.449997,109.449158,13892000.0
490,XOM,2023-10-11,0.0155,0.8155,0.1685,0.9972,106.959999,107.169998,104.830002,106.489998,105.52504,57939000.0
491,XOM,2023-10-12,0.015,0.817,0.168,0.9984,107.589996,107.839996,106.089996,106.470001,105.505226,31183000.0
492,XOM,2023-10-13,0.0285,0.8225,0.149,0.9994,108.029999,110.199997,107.839996,109.870003,108.87442,30276500.0
493,XOM,2023-10-14,0.0245,0.886,0.0895,0.9903,108.85333266666667,110.359998,108.26999633333334,109.89666766666666,108.90084333333331,26335000.0
494,XOM,2023-10-15,0.009,0.903,0.0885,0.9919,109.67666633333332,110.519999,108.69999666666666,109.92333233333332,108.92726666666668,22393500.0
495,XOM,2023-10-16,0.016,0.883,0.1015,0.9948,110.5,110.68,109.129997,109.949997,108.95369,18452000.0
496,XOM,2023-10-17,0.078,0.83,0.0915,0.0056,109.730003,111.800003,109.68,111.389999,110.380646,19775400.0
497,XOM,2023-10-18,0.0225,0.857,0.121,0.9841,111.82,113.389999,111.699997,112.949997,111.926506,23380300.0
498,XOM,2023-10-19,0.0235,0.845,0.132,0.9978,112.720001,113.970001,111.330002,113.019997,111.995872,20972500.0
499,XOM,2023-10-20,0.022,0.8535,0.1245,0.996,112.919998,113.32,110.790001,111.080002,110.073456,22439800.0
500,XOM,2023-10-21,0.0535,0.8625,0.084,0.5369,112.15666433333334,112.533333,110.08666733333334,110.536667,109.53504433333332,21021533.33333333
501,XOM,2023-10-22,0.035,0.874,0.091,0.9863,111.39333066666669,111.746666,109.38333366666669,109.993332,108.99663266666666,19603266.666666668
502,XOM,2023-10-23,0.035,0.874,0.091,0.9863,110.629997,110.959999,108.68,109.449997,108.458221,18185000.0
503,XOM,2023-10-24,0.0285,0.8685,0.1025,0.9935,109.699997,109.82,108.120003,108.389999,107.407829,16786100.0
504,XOM,2023-10-25,0.0265,0.859,0.1145,0.982,108.519997,109.5,108.129997,108.589996,107.60601,22047300.0
505,XOM,2023-10-26,0.0235,0.8775,0.099,0.9917,107.449997,108.339996,106.5,107.599998,106.624985,18768300.0
